Acquisition Date,Company,Business,Country,Price,Used as or integrated with:,Group,ParentCompany
2005,Systems Research & Development,Identity management,United States,,,,IBM
2005,en'tegrate,Software,United States,,,,Microsoft
2005,Stadeon,Online game,United States,,Yahoo! Games,,Yahoo
2005,Corio,Application Services,United States,182000000,,,IBM
2005,Groove Networks,Community software,United States,,,,Microsoft
2005,TeRespondo,Advertising network,#N/A,,Yahoo! Search Marketing,,Yahoo
2005,Ascential Software Corporation,Enterprise Information Integration,United States,1100000000,,,IBM
2005,Gluecode Software,Application Server,United States,,,,IBM
2005,MessageCast,Messaging,United States,7000000,,,Microsoft
2005,Tsinghua-Shenxun-Cert Asts,Certain assets,#N/A,15000000,,,Microsoft
2005,blo.gs,Weblog software,United States,,Yahoo! 360¬∞,,Yahoo
2005,Dialpad,Voice over Internet Protocol,United States,,Yahoo! Voice,,Yahoo
2005,Sybari Software,Software,United States,,,,Microsoft
2005,Meiosys,Application Management,United States,,,,IBM
2005,"PureEdge Solutions, Inc.",Electronic Forms,Canada,,,,IBM
2005,Konfabulator,Widget engine,United States,,Yahoo! Widgets,,Yahoo
2005,Isogon Corporation,Asset Management,United States,,,,IBM
2005,DWL,Enterprise Information Integration,United States,,,,IBM
2005,Teleo,VoIP,United States,,,,Microsoft
2005,FrontBridge Technologies,Email protection,United States,,,,Microsoft
2005,Alacris,Certificate management software,United States,,,,Microsoft
2005,Upcoming.org,Calendaring software,United States,,Yahoo! Local,,Yahoo
2005,"DataPower Technology, Inc.",Service Oriented Architecture (SOA),United States,,,,IBM
2005,Whereonearth,Web mapping,United Kingdom,,Yahoo! Search Marketing,,Yahoo
2005,"iPhrase Systems, Inc.",Information management software,United States,,,,IBM
2005,media-streams.com,Software,#N/A,,,,Microsoft
2005,Network Solutions Pvt Ltd,IT Services,#N/A,,,,IBM
2005,"Collation, Inc.",Network management,United States,,,,IBM
2005,5th Finger,Mobile,Australia,3153000,,,Microsoft
2005,"Bowstreet, Inc.",Portal-based tools,United States,,,,IBM
2006,Webjay,Online music store,United States,,Yahoo! Music,,Yahoo
2006,SearchFox,Web search engine,United States,,Yahoo! Search,,Yahoo
2006,UMT-Software and IP Assets,Software,United States,,,,Microsoft
2006,"CIMS Lab, Inc.",IT Financial Management,United States,,,,IBM
2006,ARGUS Semiconductor Software From INFICON,Semiconductor Manufacturing software,United States,,,,IBM
2006,"Viacore, Inc.",Supply chain optimization,United States,,,,IBM
2006,Seadragon Software,Software,United States,,,,Microsoft
2006,MotionBridge,Search,#N/A,17858000,,,Microsoft
2006,"Micromuse, Inc.",Network management,United States,865000000,,,IBM
2006,Onfolio,Internet software,United States,,,,Microsoft
2006,Apptimum,Software,United States,,,,Microsoft
2006,Language Analysis Systems,Identity management,United States,,,,IBM
2006,Lionhead Studios,Video games,United Kingdom,,,,Microsoft
2006,Meedio,Digital video recorder,United States,,Yahoo! Go,,Yahoo
2006,AssetMetrix,Enterprise software,Canada,,,,Microsoft
2006,"BuildForge, Inc.",Software Development,United States,,,,IBM
2006,Vexcel,Mapping software,United States,,,,Microsoft
2006,Massive Incorporated,Video game advertising,United States,,,,Microsoft
2006,"Unicorn Solutions, Inc.",Metadata management,United States,,,,IBM
2006,DeepMetrix,Web log analysis,United States,,,,Microsoft
2006,ProClarity,Analysis software,United States,,,,Microsoft
2006,iView Multimedia,Digital asset management,United Kingdom,,,,Microsoft
2006,Rembo Technology,Installation Software,#N/A,,,,IBM
2006,Softricity,application virtualization software,United States,,,,Microsoft
2006,Winternals Software,Software,United States,,,,Microsoft
2006,Whale Communications,Applications,Israel,,,,Microsoft
2006,"Webify Solutions, Inc",Service Oriented Architecture software,United States,,,,IBM
2006,Global Value Solutions,IT Services,#N/A,,,,IBM
2006,Gteko,Applications,Israel,,,,Microsoft
2006,Jumpcut.com,Online video editing,United States,,Yahoo! Video,,Yahoo
2006,DesktopStandard,Applications,United States,,,,Microsoft
2006,DORANA product line from Ubiquity Pty Limited,Asset Management,Australia,,,,IBM
2006,MRO Software,Asset Management,United States,740000000,,,IBM
2006,Colloquis,Natural language software,United States,,,,Microsoft
2006,FileNet Corporation,Content management software,United States,1600000000,,,IBM
2006,Silicon Color,Software,United States,,Color (Final Cut Studio),,Apple
2006,AdInterax,Online advertising,United States,,Yahoo! Search Marketing,,Yahoo
2006,Palisades Technology Partners,Management consulting,United States,,,,IBM
2006,Internet Security Systems (ISS),Information security,United States,1300000000,,,IBM
2006,Bix.com,Social media,United States,,Bix,,Yahoo
2006,Proximity,Software,Australia,,Final Cut Server,,Apple
2007,MyBlogLog,Social network service,United States,,MyBlogLog,,Yahoo
2007,"Consul Risk Management, Inc.",Information security,#N/A,,,,IBM
2007,Vallent Corporation,Telecommunications Management,United States,,,,IBM
2007,Softek Storage Solutions Corporation,Data Mobility,United States,,,,IBM
2007,Medstory,Internet search engine,United States,,,,Microsoft
2007,"BlackDot Networks, Inc.",Enterprise Data Consulting,United States,,,,IBM
2007,devBiz Business Solutions,Software tools,United States,,,,Microsoft
2007,Unicible,IT Services,#N/A,460000000,,,IBM
2007,Tellme Networks,Mobile phone software,United States,,,,Microsoft
2007,ScreenTonic,Advertising and marketing,#N/A,,,,Microsoft
2007,SoftArtisans,Business Intelligence software,United States,,,,Microsoft
2007,Engyro,Information technology,United States,,,,Microsoft
2007,Stratature,Master Data Management,United States,,,,Microsoft
2007,Rivals.com,College sports,United States,,Yahoo! Sports,,Yahoo
2007,Savvis Inc-Data Centers,Networking,United States,200000000,,,Microsoft
2007,Parakey,Offline applications/Web desktop,United States,,Facebook Mobile,,Facebook
2007,Watchfire Corporation,Security Software Testing,United States,,,,IBM
2007,aQuantive,Digital marketing,United States,6333000000,,,Microsoft
2007,AdECN,Ad Exchange,United States,,,,Microsoft
2007,WebDialogs,Web conferencing and communications,United States,,,,IBM
2007,DataMirror Corporation,Change Data Capture,Canada,161000000,,,IBM
2007,"Qinnova, Inc.",Internet Protocol Television (IPTV),Canada,,,,IBM
2007,"Princeton Softech, Inc.",Business Intelligence,United States,,,,IBM
2007,BuzzTracker,News site,United States,,Yahoo! News,,Yahoo
2007,Jellyfish.com,Search engine,United States,,,,Microsoft
2007,Parlano,Enterprise messaging software,United States,,,,Microsoft
2007,NovusCG,Storage Consulting and Technology Services,United States,,,,IBM
2007,Global Care Solutions-Assets,Assets,#N/A,,,,Microsoft
2007,HOB Business Solutions,Information technology,#N/A,,,,Microsoft
2007,Musiwave,Mobile music entertainment,#N/A,,,,Microsoft
2007,Multimap.com,Mapping,United Kingdom,,,,Microsoft
2008,XIV,Enterprise storage,Israel,300000000,,,IBM
2008,AptSoft Corporation,Business Intelligence,United States,,,,IBM
2008,Calista Technologies,Software,United States,,,,Microsoft
2008,Solid Information Technology,Database Software,United States,,,,IBM
2008,Arsenal Digital Solutions,Data backup services,United States,,,,IBM
2008,Cognos,Business Intelligence,Canada,5000000000,,,IBM
2008,FoxyTunes,Browser extension,United States,,FoxyTunes,,Yahoo
2008,Caligari Corporation,Software,United States,,,,Microsoft
2008,Net Integration Technologies Inc.,Business Server Software,Canada,,,,IBM
2008,YaData,Software,Israel,,,,Microsoft
2008,"Encentuate, Inc.",Enterprise Single Sign-On,United States,,,,IBM
2008,Rapt,Advertising yield management software,United States,,,,Microsoft
2008,Komoku,Rootkit security software,United States,5000000,,,Microsoft
2008,90 Degree Software,Business intelligence software,Canada,,,,Microsoft
2008,Telelogic AB,Enterprise software development,Sweden,845000000,,,IBM
2008,Farecast,Online search software,United States,75000000,,,Microsoft
2008,Danger,Mobile Internet software,United States,500000000,,,Microsoft
2008,Diligent Technologies,Data De-duplication,United States,200000000,,,IBM
2008,FilesX,Application Recovery Software,United States,,,,IBM
2008,Fast Search & Transfer,Enterprise search[clarification needed],#N/A,1191000000,,,Microsoft
2008,InfoDyne Corporation,Data Feed Connectors,United States,,,,IBM
2008,Inquisitor,Browser extension,United States,,Inquisitor,,Yahoo
2008,Kidaro,Software,United States,,,,Microsoft
2008,Quadreon,Software,#N/A,,,,Microsoft
2008,Navic Networks,Management software,United States,,,,Microsoft
2008,Mobicomp,Mobile applications,#N/A,,,,Microsoft
2008,Platform Solutions,"Mainframe, System Z technologies",United States,,,,IBM
2008,ILOG,Business Rules Management Systems,#N/A,340000000,,,IBM
2008,Powerset,Semantic Search,United States,,,,Microsoft
2008,DATAllegro,Data software,United States,,,,Microsoft
2008,Greenfield Online,Search and e-commerce services,United States,486000000,,,Microsoft
2008,Transitive Corporation,Virtualization Software,United States,,,,IBM
2009,Outblaze's E-Mail Service Assets,Online messaging and collaboration,#N/A,,,,IBM
2009,3DV Systems,"Developer of ZCam, a time-of-flight camera",Israel,35000000,,,Microsoft
2009,Exeros Assets,Data Discovery Software,United States,,,,IBM
2009,BigPark,Interactive online gaming,Canada,,,,Microsoft
2009,Rosetta Biosoftware,Bioinformatics solutions for life science research,United States,,,,Microsoft
2009,Placebase,Maps,United States,,Apple Maps,,Apple
2009,Ounce Labs,Source code analysis,United States,,,,IBM
2009,SPSS Inc.,Statistical analysis software,United States,1200000000,,,IBM
2009,FriendFeed,Social networking aggregator,United States,47500000,,,Facebook
2009,Interactive Supercomputing,Software,United States,,,,Microsoft
2009,RedPill Solutions,Analytics and Optimisation,#N/A,,,,IBM
2009,Guardium,Database monitoring and protection,United States,,,,IBM
2009,"Sentillion, Inc.",Identity and Access Management Software for Healthcare,United States,,,,Microsoft
2009,Opalis Software,Software,Canada,,,,Microsoft
2009,Lombardi,Business Process Management,United States,,,,IBM
2010,"National Interest Security Company, LLC",Public sector consulting,United States,,,,IBM
2010,Initiate Systems,Data integrity software,United States,,,,IBM
2010,Intelliden Inc.,Network Automation software,United States,,,,IBM
2010,Octazen,Contact importer,#N/A,,FriendFinder,,Facebook
2010,Divvyshot,Photo management,United States,,Facebook Photos,,Facebook
2010,citizensports.com,Sports Social media,United States,,citizensports.com,,Yahoo
2010,Siri,Voice control software,United States,,Siri,,Apple
2010,Cast Iron Systems,Cloud Integration,United States,190000000,,,IBM
2010,Friendster patents,Intellectual property/patents,United States,40000000,,,Facebook
2010,Associated Content,Content farm,United States,,Associated Content,,Yahoo
2010,Sterling Commerce,Business software integration,United States,1400000000,,,IBM
2010,Koprol,Geosocial network,#N/A,,Koprol,,Yahoo
2010,ShareGrove,Private conversations/Forums,United States,,Facebook Groups,,Facebook
2010,Coremetrics,Web Analytics,United States,,,,IBM
2010,"BigFix, Inc.",Security and IT automation software,United States,,,,IBM
2010,Nextstop,Travel recommendations,United States,2500000,,,Facebook
2010,Poly9,Web-based mapping,Canada,,Apple Maps,,Apple
2010,Storwize,Data Compression,United States,140000000,,,IBM
2010,Datacap,Data capture and Content Management,United States,,,,IBM
2010,Unica Corporation,Marketing planning software,United States,480000000,,,IBM
2010,Chai Labs,Internet applications,United States,10000000,,,Facebook
2010,Hot Potato,Check-ins/status updates,United States,,Facebook Places,,Facebook
2010,IMSense,High-dynamic-range (HDR) photography,United Kingdom,,iOS,,Apple
2010,OpenPages,Integrated risk management solutions,United States,,,,IBM
2010,Netezza,Data warehousing and analytics,United States,1700000000,,,IBM
2010,BLADE Network Technologies,Networking,United States,,,,IBM
2010,"AVIcode, Inc.",.Net monitoring technology,United States,,,,Microsoft
2010,PSS Systems,Legal risk management,United States,,,,IBM
2010,Clarity Systems,Financial governance,Canada,350000000,,,IBM
2010,"Canesta, Inc.",3-D sensing technology,United States,,,,Microsoft
2010,Drop.io,File hosting and sharing,United States,,,,Facebook
2010,FB.com domain name,American Farm Bureau Federation,United States,8500000,,,Facebook
2011,Rel8tion,Mobile advertising,United States,,,,Facebook
2011,Beluga,Group messaging,United States,,Facebook Messenger,,Facebook
2011,Tririga Inc.,Facility and Real Estate Management,United States,,,,IBM
2011,RecRec,Computer vision,United States,,,,Facebook
2011,DayTum,Information graphics,United States,,,,Facebook
2011,Skype Technologies,Telecommunications,#N/A,8500000000,,,Microsoft
2011,Prodiance,Software,United States,,,,Microsoft
2011,MailRank,Email prioritization,United States,,,,Facebook
2011,Sofa,Software design,#N/A,,,,Facebook
2011,Push Pop Press,Digital publishing,United States,,,,Facebook
2011,i2 Limited,Intelligence Analytics,United Kingdom,,,,IBM
2011,Algorithmics Inc.[116],Risk Management,Canada,387000000,,,IBM
2011,Q1 Labs[118],Security Intelligence,United States,,,,IBM
2011,Friend.ly,Social casual Q&A service app,United States,,,,Facebook
2011,Platform Computing,Cluster and Grid Management Software,Canada,,,,IBM
2011,Strobe,"HTML5 mobile apps, SproutCore",United States,,Mobile engineering team,,Facebook
2011,Videosurf,Video search,United States,100000000,,,Microsoft
2011,Gowalla,Location Based Service,United States,,,,Facebook
2011,C√∫ram Software,Smarter Cities,#N/A,,,,IBM
2011,DemandTec,Cloud-based Retail Analytics,United States,440000000,,,IBM
2011,Emptoris,Supply Chain Analytics,United States,,,,IBM
2012,Green Hat (software company)[124],Cloud based software testing,United States,,,,IBM
2012,Worklight,Software Development Firm,Israel,70000000,,,IBM
2012,Caffeinatedmind,In-browser file transfer,United States,,,,Facebook
2012,Instagram,Photo sharing,United States,1000000000,,,Facebook
2012,Tagtile,Customer loyalty app,United States,,,,Facebook
2012,Varicent,Compensation and Sales Performance Management Software Solutions,Canada,,,,IBM
2012,Vivisimo,Enterprise Search Software,United States,,,,IBM
2012,Tealeaf Technology,Customer Experience Analytics Software,United States,,,,IBM
2012,Glancee,Social discovery platform,United States,,,,Facebook
2012,Lightbox.com,Photo sharing,United Kingdom,,,,Facebook
2012,Karma,Social gifting,United States,,Facebook Gifts,,Facebook
2012,Redmatica,Audio,#N/A,,"Logic Pro, GarageBand",,Apple
2012,Face.com,Face recognition platform,Israel,100000000,,,Facebook
2012,Yammer,Social networking,United States,1200000000,,,Microsoft
2012,Perceptive Pixel,Multi touch hardware,United States,,,,Microsoft
2012,Spool,Mobile bookmarking and sharing content,United States,,Mobile engineering team,,Facebook
2012,Acrylic Software,RSS app Pulp and secure database app Wallet,Canada,,Facebook's design team,,Facebook
2012,Texas Memory Systems,Solid State Storage,United States,,,,IBM
2012,Threadsy,"Threadsy is a social aggregator, Maker of social marketing tool Swaylo",United States,,,,Facebook
2012,Kenexa Corporation,Human Capital Solutions,United States,1400000000,,,IBM
2012,Butterfly Software Ltd.,Data Analysis and Migration Software,United Kingdom,,,,IBM
2012,Particle,HTML5 Web app firm,United States,,"iCloud, iAd",,Apple
2012,PhoneFactor,Two-factor authentication system,United States,,,,Microsoft
2012,StorSimple,Cloud-storage appliance vendor,United States,,,,Microsoft
2012,MarketingPilot,Marketing automation firm,United States,,,,Microsoft
2012,Stamped,Social recommendation,United States,,Yahoo! Mobile,,Yahoo
2012,We Are Hunted,Music Service,Australia,,,,Twitter
2012,OnTheAir,OnTheAir,United States,,IntoNow,,Yahoo
2012,StoredIQ,Big Data Analysis,United States,,,,IBM
2012,WIMM Labs,Android-powered smartwatches, United States,0,Android Wear,Devices,Alphabet
2013,id8 Group R2 Studios,Home automation,United States,,,,Microsoft
2013,Star Analytics,Business Analytics,United States,,,,IBM
2013,Pando Networks,Peer-to-peer (P2P) media distribution,United States,,,,Microsoft
2013,Bluefin Labs,Social TV analytics,United States,80000000,,,Twitter
2013,Alike,Social recommendation,United States,,Yahoo! Mobile,,Yahoo
2013,Atlas Solutions,Atlas advertiser suite,United States,,,,Facebook
2013,MetricsHub,Cloud monitoring,United States,,,,Microsoft
2013,Hot Studio,Design agency,United States,,,,Facebook
2013,Netbreeze,Social analytics,#N/A,,,,Microsoft
2013,Jybe,Social recommendation,United States,,Jybe,,Yahoo
2013,UrbanCode,Software delivery automation,United States,,,,IBM
2013,Spaceport,Cross-platform game framework,United States,,,,Facebook
2013,Parse,Mobile app backends,United States,85000000,,,Facebook
2013,Astrid,Productivity,United States,,Astrid,,Yahoo
2013,MileWise,Flight rewards management,United States,,Yahoo Mobile Properties and Apps,,Yahoo
2013,GoPollGo,Real-time surveys,United States,,Yahoo Mobile Properties and Apps,,Yahoo
2013,Loki Studios,Mobile gaming,United States,,Yahoo Mobile Properties and Apps,,Yahoo
2013,Tumblr,Blogging,United States,1100000000,,,Yahoo
2013,PlayerScale,Online gaming,United States,,Yahoo Mobile Properties and Apps,,Yahoo
2013,InRelease,Release management,Canada,,,,Microsoft
2013,SoftLayer Technologies,Cloud Computing Infrastructure,United States,2000000000,,,IBM
2013,GhostBird Software,Mobile Photography Apps,United States,,Yahoo Mobile Properties and Apps,,Yahoo
2013,Rondee,Video Conferencing,United States,,,,Yahoo
2013,Spindle Labs,Local Discovery,United States,,,,Twitter
2013,Qwiki,Automated Video Production,United States,50000000,,,Yahoo
2013,Bignoggins Productions,Fantasy Sports,United States,,,,Yahoo
2013,Xobni,CRM,United States,40000000,,,Yahoo
2013,CSL International,Cloud Computing,Israel,,,,IBM
2013,Monoidics,Automatic verification software,United Kingdom,,,,Facebook
2013,Ztelic,Social Analytics,#N/A,,,,Yahoo
2013,HopStop.com,Maps,United States,,Apple Maps,,Apple
2013,Locationary,Maps,Canada,,Apple Maps,,Apple
2013,Lexity,ecommerce Analytics,United States,35000000,,,Yahoo
2013,Passif Semiconductor,Semiconductors,United States,,Apple SOC,,Apple
2013,Rockmelt,News Aggregator,United States,,,,Yahoo
2013,Jibbigo,Speech translation app,United States,,,,Facebook
2013,Matcha,Media discovery app,United States,,TV App for Apple TV and iOS,,Apple
2013,Trusteer,Cyber Security,Israel,1000000000,,,IBM
2013,Embark,Maps,United States,,Apple Maps,,Apple
2013,IQ Engines,Image Recognition,United States,,Flickr,,Yahoo
2013,AlgoTrim,Mobile data compression[64],Sweden,,iOS,,Apple
2013,Nokia mobile phones unit,"Mobile phones, smartphones",#N/A,7200000000,,,Microsoft
2013,Daeja Image Systems,Viewer for document management systems,United Kingdom,,,,IBM
2013,Hitpost,Sports,United States,,,,Yahoo
2013,The Now Factory,Mobile Networks Big Data Analytics,#N/A,,,,IBM
2013,Xtify,In-app mobile messaging and push notification tools,United States,,,,IBM
2013,Bread,Advertising,United States,,,,Yahoo
2013,HLW Software,RDP applications,#N/A,,,,Microsoft
2013,Onavo,Mobile analytics and Israel Facebook Headquarters Office,Israel,,,,Facebook
2013,LookFlow,Image Recognition,United States,,Flickr,,Yahoo
2013,Apiphany,API management,United States,,,,Microsoft
2013,Fiberlink Communications,Mobile Device Management,United States,330000000,,,IBM
2013,Ptch,Video sharing,United States,6500000,,,Yahoo
2013,EvntLive,Live and on demand music playing,United States,,,,Yahoo
2013,Quik.io,Cross Platform Video Streaming,United States,,,,Yahoo
2013,SportStream,Sports conversation analysis,United States,,,,Facebook
2013,PeerCDN,Content Delivery Network,United States,,,,Yahoo
2013,"Aspera, Inc.",Data Transfer Technology,United States,,,,IBM
2013,Catch.com,Software,United States,,Siri,,Apple
2013,BroadMap,Maps,United States,,Apple Maps,,Apple
2014,SnappyLabs,Photography software,United States,,Camera,,Apple
2014,Parature,Customer service software,United States,100000000,,,Microsoft
2014,Aviate,Intelligent homescreen for the Android OS,United States,,,,Yahoo
2014,Little Eye Labs,Performance analysis and monitoring tools for Android,#N/A,15000000,,,Facebook
2014,Branch,Web conversation platform,United States,15000000,,,Facebook
2014,SPARQ,Mobile Marketing,United States,,,,Yahoo
2014,Tomfoolery,Conversation platform,United States,,,,Yahoo
2014,Incredible Labs,Time Management App,United States,,,,Yahoo
2014,Wander,Social Diary,United States,,,,Yahoo
2014,Distill,Technical Recruiting,United States,,,,Yahoo
2014,WhatsApp,Mobile messaging,United States,19000000000,,,Facebook
2014,Burstly,Software testing,United States,,"TestFlight, App Store",,Apple
2014,"Cloudant, Inc.",Database-as-a-Service,United States,,,,IBM
2014,Vizify,Social media information transformation,United States,,,,Yahoo
2014,Oculus VR,Virtual reality technology,United States,2000000000,,,Facebook
2014,Ascenta,High-altitude UAVs,United Kingdom,20000000,,,Facebook
2014,SecondSync,Social TV,United Kingdom,,,,Twitter
2014,Mesagraph,Social TV,#N/A,,,,Twitter
2014,"Silverpop Systems, Inc.",Behavioral Marketing Automation,United States,,,,IBM
2014,ProtoGeo Oy,Fitness tracking app Moves,#N/A,,,,Facebook
2014,Capptain,(Mobile) application development,#N/A,,,,Microsoft
2014,GreenButton,Cloud computing,#N/A,,,,Microsoft
2014,LuxVue Technology,microLED displays,United States,,,,Apple
2014,Blink,Mobile Messaging,United States,,,,Yahoo
2014,Spotsetter,Social search engine,United States,,Apple Maps,,Apple
2014,PhotoDrive,Photo Management,United States,,,,Yahoo
2014,BookLamp,Book analytics,United States,,iBooks,,Apple
2014,SyntaxTree,Developer tools,#N/A,,,,Microsoft
2014,InMage,Disaster recovery solutions,United States,,,,Microsoft
2014,RayV,Video Streaming Platform,Israel,,,,Yahoo
2014,Madbits,Deep Learning,United States,,Twitter Cortex,,Twitter
2014,Flurry,Mobile Analytics,United States,200000000,,,Yahoo
2014,CrossIdeas,Cloud Security (Identity and Access Governance),#N/A,,,,IBM
2014,Inception Mobile Inc.,Software,Canada,,,,Microsoft
2014,PrivateCore,Secure Server Technology,United States,,,,Facebook
2014,Lighthouse Security Group,Cloud Security,United States,,,,IBM
2014,LiveRail,Publisher Monetization Platform,United States,,,,Facebook
2014,ClarityRay,Ad Security,Israel,,,,Yahoo
2014,WaveGroup Sound,Sound Studio,United States,,,,Facebook
2014,Luminate,Advertising,United States,,,,Yahoo
2014,Bookpad,Document Handling,#N/A,15000000,,,Yahoo
2014,Prss,Digital magazine,#N/A,,Apple News[82],,Apple
2014,LittleInc,Messaging App,United States,,,,Yahoo
2014,Mojang,Video games,Sweden,2500000000,,,Microsoft
2014,BrightRoll,Online Video Advertising,United States,640000000,,,Yahoo
2014,Aorato,Enterprise Security & machine learning,Israel,,,,Microsoft
2014,Cooliris,Photo Viewing,United States,,,,Yahoo
2014,Acompli,Mobile Email Apps,United States,,,,Microsoft
2014,HockeyApp,Mobile Beta Distribution & Crash Analytics,#N/A,,,,Microsoft
2014,Media Group One,Advertising and online video,#N/A,,,,Yahoo
2015,Clearleap,Cloud-based video management,United States,,,,IBM
2015,Metanautix,Big Data Analytics,United States,,,,Microsoft
2015,"Talko, Inc.",Mobile communications,United States,,,,Microsoft
2015,Wit.ai,Speech recognition,United States,,,,Facebook
2015,Quickfire Networks,Video Compression,United States,,,,Facebook
2015,Equivio,Text Analytics Service,Israel,,,,Microsoft
2015,ZipDial,Mobile marketing and analytics,#N/A,,,,Twitter
2015,Revolution Analytics,Statistical computing and predictive analytics,United States,,,,Microsoft
2015,"Sunrise Atelier, Inc.",Sunrise Calendar applications,United States,100000000,,,Microsoft
2015,N-trig,Styli and pen input hardware and software,Israel,200000000,,,Microsoft
2015,AlchemyAPI,"Natural language processing, big data",United States,,,,IBM
2015,"TheFind, Inc.",Ecommerce,United States,,,,Facebook
2015,FoundationDB,Database,United States,,iMessage Backend,,Apple
2015,LiveLoop,PowerPoint collaboration,United States,,,,Microsoft
2015,Blekko,"Web Search Engine, Cognitive Computing",United States,,,,IBM
2015,Phytel,Health management software,United States,,,,IBM
2015,Explorys,Healthcare analytics,United States,,,,IBM
2015,"Datazen Software, Inc.",Mobile business intelligence & Data visualization,Canada,,,,Microsoft
2015,LinX,Camera,Israel,20000000,,,Apple
2015,Surreal Vision,"Computer vision, augmented reality",United Kingdom,,,,Facebook
2015,6Wunderkinder GmbH,Wunderlist to-do list applications,#N/A,,,,Microsoft
2015,Bluebox,Private Cloud as a Service,United States,,,,IBM
2015,BlueStripe Software,Application management,United States,,,,Microsoft
2015,Whetlab,Machine Learning,United States,,Twitter Cortex,,Twitter
2015,FieldOne Systems LLC,Enterprise Field Service,United States,,,,Microsoft
2015,Pebbles,"Computer vision, augmented reality",Israel,60000000,,,Facebook
2015,Adallom,Cloud security,Israel,320000000,,,Microsoft
2015,Compose Inc.,Database as a Service,United States,,,,IBM
2015,Polyvore,Clothing E-commerce website,United States,160000000,,,Yahoo
2015,"Incent Games, LLC",Sales-gamification,United States,,,,Microsoft
2015,Merge Healthcare Inc.,Healthcare imaging software,United States,1000000000,,,IBM
2015,"VoloMetrix, Inc.",Organisational analytics,United States,,,,Microsoft
2015,StrongLoop Inc.,Mobile API capabilities,United States,,,,IBM
2015,"Double Labs, Inc.",Mobile lock screen software,United States,,,,Microsoft
2015,Adxstudio Inc.,Web portal and application lifecycle management solutions,Canada,,,,Microsoft
2015,Meteorix LLC,Consulting services for Workday applications,United States,,,,IBM
2015,Telekinesys Research Ltd.,Game technology vendor,#N/A,,,,Microsoft
2015,Endaga,Rural communications,United States,,,,Facebook
2015,ZeroPush,Push Notification Services,United States,,,,Twitter
2015,The Weather Company digital assets,"Weather data sources and analytics, related online and mobile products",United States,,,,IBM
2015,"Gravitant, Inc",Cloud brokerage software and cloud management,United States,,,,IBM
2015,"Mobile Data Labs, Inc.","MileIQ, a mileage tracking application",United States,,,,Microsoft
2015,Cleversafe,Object-based storage software,United States,1309000000,,,IBM
2015,Secure Islands Technologies Ltd.,Data protection,Israel,,,,Microsoft
2016,Emotient,Emotion recognition,United States,,"Face ID, Animoji[100]",,Apple
2016,Iris Analytics,Real time transaction fraud detection,#N/A,,,,IBM
2016,Teacher Gaming LLC,Education software,#N/A,,,,Microsoft
2016,Ustream,Streaming video,United States,,,,IBM
2016,LearnSprout,Education technology,United States,,Classroom iPad App,,Apple
2016,Resource/Ammirati,Digital marketing and creative agency,United States,,,,IBM
2016,Flyby Media,Augmented reality,United States,,ARkit,,Apple
2016,Aperto AG,Digital marketing and creative agency,#N/A,,,,IBM
2016,"TouchType, Ltd.","SwiftKey, a keyboard productivity application",United Kingdom,250000000,,,Microsoft
2016,LegbaCore,Platform security,United States,,Exposed firmware exploit in Apple computers.[104],,Apple
2016,ecx.io AG,Digital marketing and creative agency,#N/A,,,,IBM
2016,Groove,Music Discovery,Canada,,,,Microsoft
2016,Truven Health Analytics,"Provider of cloud-based healthcare data, analytics and insights",United States,2600000000,,,IBM
2016,Xamarin,Mobile application development,United States,,,,Microsoft
2016,Resilient Systems,"Cyber security, incident response platform",United States,,,,IBM
2016,MSQRD (Masquerade),Visual effects (Face-swapping),#N/A,,,,Facebook
2016,Optevia,Specialist provider of Microsoft Dynamics CRM based solutions and associated services to the public sector,United Kingdom,,,,IBM
2016,Blue Wolf Group LLC,Salesforce systems integrator and professional services,United States,200000000,,,IBM
2016,Peer,Employee and Manager Feedback Tool,United States,,,,Twitter
2016,Solair,Internet of Things platform,#N/A,,,,Microsoft
2016,Two Big Ears,Spatial Audio,United Kingdom,,,,Facebook
2016,EZSource,Application discovery and dashboard visualization,Israel,,,,IBM
2016,Magic Pony Technology,"Advanced Video Upscaling, Compression and Enhancement",United Kingdom,150000000,,,Twitter
2016,Beam (now known as Mixer),Video game streaming,United States,,,,Microsoft
2016,Genee,AI-powered scheduling assistant service,United States,,,,Microsoft
2016,Gliimpse,Personal health info collection company,United States,,"HealthKit, CareKit, ResearchKit",,Apple
2016,Nascent Objects,Modular Electronics,United States,,,,Facebook
2016,Tuplejump,Machine learning,#N/A,,"Siri, CoreML",,Apple
2016,Promontory Financial Group,Risk management and regulatory compliance,United States,,,,IBM
2016,Infiniled,Oculus VR,#N/A,,,,Facebook
2016,Sanovi Technologies,Hybrid cloud recovery,#N/A,,,,IBM
2016,CrowdTangle,Publisher analytics,United States,,,,Facebook
2016,Faciometrics,"Computer Vision, Machine Learning",United States,,,,Facebook
2016,Indoor.io,Indoor mapping and navigation,#N/A,,Maps,,Apple
2016,"Yes, Inc",Social Apps Developer,United States,,,,Twitter
2016,LinkedIn,Professional Networking Service,United States,26200000000,,,Microsoft
2017,tbh,Anonymous social media app,United States,,,,Facebook
2017,SWNG,Cinemagraphic photo app,United States,,,,Microsoft
2017,Shazam,Music and Image recognition,United Kingdom,,"iTunes, Siri, Apple Music",,Apple
2017,Maluuba,Artificial Intelligence,Canada,,,,Microsoft
2017,Simplygon,3D Gaming,Sweden,,,,Microsoft
2017,Agile 3 Solutions,Information security,United States,,,,IBM
2017,Workflow,Automation and scripting app,United States,,iOS,,Apple
2017,Deis,Container Management,United States,,,,Microsoft
2017,Intentional Software,Collaborative Productivity Platform,United States,,,,Microsoft
2017,Beddit,Sleep tracking hardware,#N/A,,iOS,,Apple
2017,XCC (division of TIMETOACT),Collaboration software,#N/A,,,,IBM
2017,Hexadite,Cybersecurity,Israel,100000000,,,Microsoft
2017,SensoMotoric Instruments,Eye tracking hardware and software,#N/A,,ARKit,,Apple
2017,Cloudyn,Cloud Business Management,Israel,50000000,,,Microsoft
2017,Ozlo,Artificial Intelligence,United States,,Messenger,,Facebook
2017,Cycle Computing,Cloud HPC,United States,,,,Microsoft
2017,Regaind,Computer vision,#N/A,,Photos,,Apple
2017,AltspaceVR,Virtual reality,United States,,,,Microsoft
2017,Vivant Digital,Innovation Consultancy,Australia,,,,IBM
12-Feb-01,Dejavue,Usenet, United States,0,Google Groups,Search,Alphabet
20-Sep-01,Outride,Web search engine, United States,0,Google Personalized Search,Search,Alphabet
Feb-03,Pyra Labs,Weblog software, United States,0,Blogger,Search,Alphabet
Apr-03,Neotonic Software,Customer relationship management, United States,0,"Google Groups, Gmail",Connectivity,Alphabet
Apr-03,Applied Semantics,Online advertising, United States,102000000,"AdSense, AdWords",Business,Alphabet
30-Sep-03,Kaltix,Web search engine, United States,0,iGoogle,Search,Alphabet
Oct-03,Sprinks,Online advertising, United States,0,"AdSense, AdWords",Business,Alphabet
Oct-03,Genius Labs,Blogging, United States,0,Blogger,Search,Alphabet
10-May-04,Ignite Logic,HTML editor, United States,0,Google Sites,Search,Alphabet
13-Jul-04,Picasa,Image organizer, United States,0,"Picasa, Blogger",Search,Alphabet
Sep-04,ZipDash,Traffic analysis, United States,0,Google Maps,Search,Alphabet
Oct-04,Where2,Map analysis, Australia,0,Google Maps,Search,Alphabet
27-Oct-04,Keyhole,Map analysis, United States,0,"Google Maps, Google Earth",Search,Alphabet
28-Mar-05,Urchin Software Corporation,Web analytics, United States,0,Google Analytics,Business,Alphabet
12-May-05,Dodgeball,Social networking service, United States,0,Google Latitude,Search,Alphabet
Jul-05,Reqwireless,Mobile browser, Canada,0,Google Mobile,OS,Alphabet
19-Jul-05,Akwan Information Technologies,Search engines, Brazil,0,Internet backbone,OS,Alphabet
17-Aug-05,Android,Mobile operating system, United States,50000000,Android,OS,Alphabet
Nov-05,Skia,Graphics library, United States,0,Skia,OS,Alphabet
27-Dec-05,Phatbits,Widget engine, United States,0,Google Desktop,OS,Alphabet
31-Dec-05,allPAY,Mobile software, Germany,0,Google Mobile,OS,Alphabet
31-Dec-05,bruNET,Mobile software, Germany,0,Google Mobile,OS,Alphabet
17-Jan-06,dMarc Broadcasting,Advertising, United States,102000000,AdSense,Business,Alphabet
14-Feb-06,Measure Map,Weblog software, United States,0,Google Analytics,Business,Alphabet
09-Mar-06,Upstartle,Word processor, United States,0,Google Docs,Productivity,Alphabet
14-Mar-06,@Last Software,3D modeling software, United States,0,Google Sketchup,Productivity,Alphabet
09-Apr-06,Orion,Web search engine, Australia,0,Google Search,Search,Alphabet
01-Jun-06,2Web Technologies,Online spreadsheets, United States,0,Google Spreadsheet,Productivity,Alphabet
15-Aug-06,Neven Vision Germany,Computer vision, Germany,0,"Picasa, Google Goggles",Search,Alphabet
09-Oct-06,YouTube,Video sharing, United States,1650000000,YouTube,Media,Alphabet
31-Oct-06,JotSpot,Web application, United States,0,Google Sites,Search,Alphabet
18-Dec-06,Endoxon,Mapping,  Switzerland,28000000,Google Maps,Search,Alphabet
16-Feb-07,Adscape,In-game advertising, United States,23000000,AdSense,Business,Alphabet
16-Mar-07,Trendalyzer,Statistical software, Sweden,0,Google Analytics,Business,Alphabet
13-Apr-07,DoubleClick,Online advertising, United States,3100000000,AdSense,Business,Alphabet
17-Apr-07,Tonic Systems,Presentation program, United States,0,Google Docs,Productivity,Alphabet
19-Apr-07,Marratech,Videoconferencing, Sweden,15000000,"Google Talk, Google Hangouts",Connectivity,Alphabet
11-May-07,GreenBorder,Computer security, United States,0,Google Chrome,OS,Alphabet
28-May-07,Crusix,Social networking service, United States,0,YouTube,Media,Alphabet
01-Jun-07,Panoramio,Photo sharing, Spain,0,Panoramio,Search,Alphabet
03-Jun-07,FeedBurner,Web feed, United States,100000000,FeedBurner,Search,Alphabet
05-Jun-07,PeakStream,Parallel processing, United States,0,Android,OS,Alphabet
19-Jun-07,Zenter,Presentation program, United States,0,Google Docs,Productivity,Alphabet
02-Jul-07,GrandCentral,Voice over IP, United States,45000000,Google Voice,Connectivity,Alphabet
09-Jul-07,Postini,Communications security, United States,625000000,Gmail,Connectivity,Alphabet
20-Jul-07,ImageAmerica,Aerial photography, United States,0,Google Maps,Search,Alphabet
27-Sep-07,Zingku,Social networking service, United States,0,Google Mobile,OS,Alphabet
09-Oct-07,Jaiku,Microblogging, Finland,0,Google Mobile,OS,Alphabet
30-Jul-08,Omnisio,Online video, United States,15000000,YouTube,Media,Alphabet
12-Sep-08,TNC,Weblog software, South Korea,0,Blogger,Search,Alphabet
05-Aug-09,On2,Video compression, United States,133000000,"WebM, YouTube",Media,Alphabet
16-Sep-09,reCAPTCHA,Security, United States,0,"Google Books, reCAPTCHA",Search,Alphabet
09-Nov-09,AdMob,Mobile advertising, United States,0,"DoubleClick, Invite Media",Business,Alphabet
09-Nov-09,Gizmo5,Voice over IP, United States,30000000,"Google Talk, Google Hangouts",Connectivity,Alphabet
23-Nov-09,Teracent,Online advertising, United States,0,AdSense,Business,Alphabet
04-Dec-09,AppJet,Collaborative real-time editor, United States,0,"Google Wave, Google Docs",Productivity,Alphabet
12-Feb-10,Aardvark,Social search, United States,50000000,Aardvark,Connectivity,Alphabet
17-Feb-10,reMail,Email search, United States,0,Gmail,Connectivity,Alphabet
01-Mar-10,Picnik,Photo editing, United States,0,Picasa,Search,Alphabet
05-Mar-10,DocVerse,Microsoft Office files sharing site, United States,25000000,Google Docs,Productivity,Alphabet
02-Apr-10,Episodic,Online video platform start-up, United States,0,YouTube,Media,Alphabet
12-Apr-10,Plink,Visual search engine, Ireland,0,Google Goggles,Search,Alphabet
20-Apr-10,Agnilux,Server CPUs, United States,0,Android,OS,Alphabet
27-Apr-10,LabPixies,Gadgets, Israel,0,"iGoogle, Android",OS,Alphabet
30-Apr-10,BumpTop,Desktop environment, Canada,30000000,Android,OS,Alphabet
18-May-10,Global IP Solutions,Video and audio compression, United States,68200000,WebRTC,OS,Alphabet
20-May-10,Simplify Media,Music streaming, United States,0,Android,OS,Alphabet
21-May-10,Ruba.com,Travel, United States,0,iGoogle,OS,Alphabet
03-Jun-10,Invite Media,Advertising, United States,81000000,DoubleClick,Business,Alphabet
16-Jul-10,Metaweb,Semantic search, United States,0,Google Search,Search,Alphabet
Aug-10,Zetawire,"Mobile payment, NFC", Canada,0,"Android, Google Wallet, Google Checkout",OS,Alphabet
04-Aug-10,Instantiations,Java/Eclipse/AJAX developer tools, United States,0,Google Web Toolkit,OS,Alphabet
05-Aug-10,Slide.com,Social gaming, United States,228000000,"Google+, Orkut, Google Play",Media,Alphabet
10-Aug-10,Jambool,Social Gold payment, United States,70000000,"Google+, Orkut",Connectivity,Alphabet
15-Aug-10,Like.com,Visual search engine, United States,100000000,Google Shopping,Connectivity,Alphabet
30-Aug-10,Angstro,Social networking service, United States,0,"Google, Google Alert",Search,Alphabet
30-Aug-10,SocialDeck,Social gaming, Canada,0,"Google, Google+",Connectivity,Alphabet
13-Sep-10,Quiksee,Online video, Israel,10000000,Google Maps,Search,Alphabet
28-Sep-10,Plannr,Schedule management, United States,0,Google+,Connectivity,Alphabet
01-Oct-10,BlindType,Touch typing, Greece,0,Android,OS,Alphabet
03-Dec-10,Phonetic Arts,Speech synthesis, United Kingdom,0,"Google Voice, Google Translate",Search,Alphabet
03-Dec-10,Widevine Technologies,DRM, United States,0,Google TV,Media,Alphabet
13-Jan-11,eBook Technologies,E-book, United States,0,Google Books,Media,Alphabet
25-Jan-11,SayNow,Voice recognition, United States,0,Google Voice,Connectivity,Alphabet
01-Mar-11,Zynamics,Security, Germany,0,Project Zero,Innovation,Alphabet
07-Mar-11,BeatThatQuote.com,Price comparison service, United Kingdom,65000000,Google Shopping,Connectivity,Alphabet
07-Mar-11,Next New Networks,Online video, United States,0,YouTube,Media,Alphabet
16-Mar-11,Green Parrot Pictures,Digital video, Ireland,0,YouTube,Media,Alphabet
08-Apr-11,PushLife,Service provider, Canada,25000000,Google Play,Media,Alphabet
26-Apr-11,TalkBin,Mobile software, United States,0,Android,OS,Alphabet
23-May-11,Sparkbuy,Product search, United States,0,Google Shopping,Connectivity,Alphabet
03-Jun-11,PostRank,Social media analytics service, Canada,0,Google+ Google Analytics,Business,Alphabet
09-Jun-11,Admeld,Online advertising, United States,400000000,"DoubleClick, Invite Media",Business,Alphabet
18-Jun-11,SageTV,Media center, United States,0,"Google TV, Google Fiber, Android TV",Media,Alphabet
08-Jul-11,Punchd,Loyalty program, United States,0,Google Offers,Search,Alphabet
21-Jul-11,Fridge,Social groups, United States,0,Google+,Connectivity,Alphabet
23-Jul-11,PittPatt,Facial recognition system, United States,0,Android,OS,Alphabet
01-Aug-11,Dealmap,One deal a day service, United States,0,Google Offers,Search,Alphabet
15-Aug-11,Motorola Mobility,Mobile device manufacturer, United States,12500000000,"Android, Google TV, Android TV, Patent portfolio",Media,Alphabet
07-Sep-11,Zave Networks,Digital coupons, United States,0,Google Offers,Search,Alphabet
08-Sep-11,Zagat,Restaurant reviews, United States,151000000,"Google Places, Google Maps",Search,Alphabet
19-Sep-11,DailyDeal,One deal a day service, Germany,114000000,Google Offers,Search,Alphabet
11-Oct-11,SocialGrapple,Social media analytics service, Canada,0,Google+ Google Analytics,Business,Alphabet
10-Nov-11,Apture,Instantaneous search, United States,0,Google Search,Search,Alphabet
14-Nov-11,Katango,Social circle organization, United States,0,Google+,Connectivity,Alphabet
09-Dec-11,RightsFlow,Music rights management, United States,0,YouTube,Media,Alphabet
13-Dec-11,Clever Sense,Local recommendations app, United States,0,Google Maps,Search,Alphabet
16-Mar-12,Milk,Software company, United States,0,Google+,Connectivity,Alphabet
02-Apr-12,TxVia,Online payments, United States,0,"Google Wallet, Google Checkout",Organization,Alphabet
04-Jun-12,Meebo,Social networking, United States,100000000,Google+,Connectivity,Alphabet
05-Jun-12,Quickoffice,Mobile office suite, United States,0,Google Docs,Productivity,Alphabet
20-Jul-12,Sparrow,Mobile apps, France,25000000,Gmail,Connectivity,Alphabet
01-Aug-12,Wildfire Interactive,Social media marketing, United States,450000000,"Google, Google+",Connectivity,Alphabet
07-Sep-12,VirusTotal.com,Security, Spain,0,Chronicle,Productivity,Alphabet
17-Sep-12,Nik Software,Photography, United States,0,"Google, Android",OS,Alphabet
01-Oct-12,Viewdle,Facial recognition, Ukraine,45000000,Android,OS,Alphabet
28-Nov-12,Incentive Targeting,Digital coupons, United States,0,Google Offers,Search,Alphabet
30-Nov-12,BufferBox,Package delivery, Canada,17000000,"Google Shopping, Android",OS,Alphabet
06-Feb-13,Channel Intelligence,Product ecommerce, United States,125000000,Google Shopping,Connectivity,Alphabet
12-Mar-13,DNNresearch,Deep Neural Networks, Canada,0,"Google, X",Innovation,Alphabet
15-Mar-13,Talaria Technologies,Cloud computing, United States,0,Google Cloud,Productivity,Alphabet
12-Apr-13,Behavio,Social Prediction, United States,0,Google Now,Search,Alphabet
23-Apr-13,Wavii,Natural Language Processing, United States,30000000,Google Knowledge Graph,Search,Alphabet
23-May-13,Makani Power,Airborne wind turbines, United States,0,X,Innovation,Alphabet
11-Jun-13,Waze,GPS navigation software, Israel,966000000,"Google Maps , Waze",Search,Alphabet
16-Sep-13,Bump,Mobile software, United States,0,Google Photos,Organization,Alphabet
02-Oct-13,Flutter,Gesture recognition technology, United States,40000000,"Google, Android, X",Innovation,Alphabet
22-Oct-13,FlexyCore,DroidBooster App for Android, France,23000000,Android,OS,Alphabet
02-Dec-13,Schaft,"Robotics, humanoid robots", Japan,0,X,Innovation,Alphabet
03-Dec-13,Industrial Perception,"Robotic arms, computer vision", United States,0,X,Innovation,Alphabet
04-Dec-13,Redwood Robotics,Robotic arms, United States,0,X,Innovation,Alphabet
05-Dec-13,Meka Robotics,Robots, United States,0,X,Innovation,Alphabet
06-Dec-13,Holomni,Robotic wheels, United States,0,X,Innovation,Alphabet
07-Dec-13,Bot & Dolly,Robotic cameras, United States,0,X,Innovation,Alphabet
08-Dec-13,Autofuss,Ads and Design, United States,0,X,Innovation,Alphabet
04-Jan-14,Bitspin,Timely App for Android,  Switzerland,0,Android,OS,Alphabet
13-Jan-14,Nest Labs,Home automation, United States,3200000000,Nest Labs,Devices,Alphabet
15-Jan-14,Impermium,Internet security, United States,0,Project Zero,Innovation,Alphabet
26-Jan-14,DeepMind Technologies,Artificial intelligence, United Kingdom,625000000,Google DeepMind,Research,Alphabet
16-Feb-14,SlickLogin,Internet Security, Israel,0,Project Zero,Innovation,Alphabet
21-Feb-14,spider.io,Anti-click fraud, United Kingdom,0,"DoubleClick, Adsense",Business,Alphabet
12-Mar-14,GreenThrottle,Gadgets, United States,0,Android,OS,Alphabet
14-Apr-14,Titan Aerospace,High-altitude UAVs, United States,0,Project Loon,Innovation,Alphabet
02-May-14,Rangespan,E-commerce, United Kingdom,0,Google Shopping,Connectivity,Alphabet
06-May-14,Adometry,Online advertising attribution, United States,0,Google Analytics AdSense,Business,Alphabet
07-May-14,Appetas,Restaurant website creation, United States,0,Google My Business,Business,Alphabet
07-May-14,Stackdriver,Cloud computing, United States,0,Google Cloud Platform,Productivity,Alphabet
07-May-14,MyEnergy,Online energy usage monitoring, United States,0,Nest Labs,Devices,Alphabet
16-May-14,Quest Visual,Augmented reality, United States,0,Google Translate,Search,Alphabet
19-May-14,Divide,Mobile device management, United States,0,Android for Work,OS,Alphabet
10-Jun-14,Skybox Imaging,Satellite, United States,500000000,"Google Maps, Project Loon",Innovation,Alphabet
19-Jun-14,mDialog,Online advertising, Canada,0,DoubleClick,Business,Alphabet
19-Jun-14,Alpental Technologies,Wireless, United States,0,Google,Search,Alphabet
20-Jun-14,Dropcam,Home monitoring, United States,555000000,Nest Labs,Devices,Alphabet
25-Jun-14,Appurify,Automated application testing, United States,0,Android,OS,Alphabet
01-Jul-14,Songza,Music streaming, United States,0,"Google Play, Android TV",Media,Alphabet
23-Jul-14,drawElements,Graphics compatibility testing, Finland,0,Android,OS,Alphabet
06-Aug-14,Emu,IM client, United States,0,"Google Hangouts, Google Now",Connectivity,Alphabet
06-Aug-14,Director,Mobile video, United States,0,"YouTube, Android",Media,Alphabet
17-Aug-14,Jetpac,"Artificial intelligence, image recognition", United States,0,Picasa,Search,Alphabet
23-Aug-14,Gecko Design,Mechanical design, United States,0,X,Innovation,Alphabet
26-Aug-14,Zync Render,Cloud-based visual effects software, United States,0,Google Cloud Platform,Productivity,Alphabet
10-Sep-14,Lift Labs,Liftware, United States,0,Verily,Research,Alphabet
11-Sep-14,Polar,Social polling, United States,0,Google+,Connectivity,Alphabet
21-Oct-14,Firebase,Application development platform, United States,0,Google Cloud Platform,Productivity,Alphabet
23-Oct-14,Dark Blue Labs & Vision Factory,Artificial intelligence, United Kingdom,10000000,Google DeepMind,Research,Alphabet
24-Oct-14,Revolv,Home automation, United States,0,Nest Labs,Devices,Alphabet
19-Nov-14,RelativeWave,Mobile software prototyping, United States,0,Android,OS,Alphabet
17-Dec-14,Vidmaker,Video editing, United States,0,YouTube,Media,Alphabet
04-Feb-15,Launchpad Toys,Child-friendly apps, United States,0,YouTube for Kids,Media,Alphabet
08-Feb-15,Odysee,Multimedia sharing and storage, United States,0,Google+,Connectivity,Alphabet
23-Feb-15,Softcard,Mobile payments, United States,0,Android Pay,Organization,Alphabet
24-Feb-15,Red Hot Labs,App advertising and discovery, United States,0,Google Play,Organization,Alphabet
16-Apr-15,Thrive Audio,Surround sound technology, Ireland,0,Google Cardboard,Research,Alphabet
16-Apr-15,Skillman & Hackett,Virtual reality software, United States,0,Tilt Brush,Misc.,Alphabet
04-May-15,Timeful,Mobile software, United States,0,"Google Inbox, Google Calendar",Organization,Alphabet
28-May-15,Pulse.io,Mobile app optimizer, United States,0,Android,OS,Alphabet
18-Jun-15,Agawi,Mobile application streaming, United States,0,"Android, Google Play",OS,Alphabet
21-Jul-15,Pixate,Mobile software prototyping, United States,0,Android,OS,Alphabet
21-Sep-15,Oyster,E-book subscriptions, United States,0,Google Play Books,Media,Alphabet
30-Sep-15,Jibe Mobile,Rich Communication Services, United States,0,Android,OS,Alphabet
17-Oct-15,Digisfera,360-degree photography, Portugal,0,Street View,Search,Alphabet
11-Nov-15,Fly Labs,Video editing, United States,0,Google Photos,Organization,Alphabet
11-Nov-15,bebop,Cloud software, United States,380000000,Google Cloud Platform,Productivity,Alphabet
12-Feb-16,BandPage,Platform for musicians, United States,0,YouTube,Media,Alphabet
18-Feb-16,Pie,Enterprise communications, Singapore,0,Spaces,Connectivity,Alphabet
02-May-16,Synergyse,Interactive tutorials, Canada,0,Google Docs,Productivity,Alphabet
22-Jun-16,Webpass,Internet service provider, United States,0,Google Fiber,Innovation,Alphabet
06-Jul-16,Moodstocks,Image recognition, France,0,Google Photos,Organization,Alphabet
08-Jul-16,Anvato,Cloud-based video services, United States,0,Google Cloud Platform,Productivity,Alphabet
12-Jul-16,Kifi,Link management, United States,0,Spaces,Connectivity,Alphabet
27-Jul-16,LaunchKit,Mobile tool maker, United States,0,Firebase,OS,Alphabet
08-Aug-16,Orbitera,Cloud software, United States,100000000,Google Cloud Platform,Productivity,Alphabet
08-Sep-16,Apigee,API management and predictive analytics, United States,625000000,Google Cloud Platform,Productivity,Alphabet
15-Sep-16,Urban Engines,Location-based analytics, United States,0,Google Maps,Search,Alphabet
19-Sep-16,API.AI,Natural language processing, United States,0,Google Assistant,Search,Alphabet
11-Oct-16,FameBit,Branded content,—,0,YouTube,Media,Alphabet
24-Oct-16,Eyefluence,"Eye tracking, virtual reality",—,0,Google VR,Research,Alphabet
05-Nov-16,LeapDroid,Android Emulator, United States,0,Android,OS,Alphabet
21-Nov-16,Qwiklabs,Cloud-based hands-on training platform,—,0,Google Cloud Platform,Productivity,Alphabet
13-Dec-16,Cronologics,Smartwatches, United States,0,Android Wear,Devices,Alphabet
05-Jan-17,Limes Audio,Voice communication, Sweden,0,"Google Duo, Google Hangouts",Connectivity,Alphabet
19-Jan-17,Fabric,Mobile app platform, United States,0,Firebase,OS,Alphabet
08-Mar-17,Kaggle,Data science, United States,0,Google Cloud Platform,Productivity,Alphabet
09-Mar-17,AppBridge,Productivity suite, United States,0,Google Docs,Productivity,Alphabet
10-May-17,Owlchemy Labs,Virtual reality studio, United States,0,Google VR,Research,Alphabet
12-Jul-17,Halli Labs,Artificial intelligence, India,0,,Misc.,Alphabet
16-Aug-17,AIMatter,Computer vision, Belarus,0,YouTube,Media,Alphabet
21-Sep-17,HTC (portions),Talent and intellectual property licenses, Taiwan,1100000000,Google Pixel,Devices,Alphabet
26-Sep-17,Bitium,Single sign-on and identity management, United States,0,Google Cloud Platform,Productivity,Alphabet
09-Oct-17,Relay Media,AMP converter, United States,0,Accelerated Mobile Pages,Search,Alphabet
11-Oct-17,60db,Podcasts, United States,0,"Google Play Music, Google Podcasts",Media,Alphabet
11-Jan-18,Redux,Audio, United Kingdom,0,,Misc.,Alphabet
27-Mar-18,Tenor,GIF image search, United States,0,Google Images,Search,Alphabet
09-May-18,Velostrata,Cloud migration, Israel,0,Google Cloud Platform,Productivity,Alphabet
14-May-18,Cask,"Big data, Hadoop", United States,0,Google Cloud Platform,Productivity,Alphabet
06-Aug-18,GraphicsFuzz,GPU reliability, United Kingdom,0,Android,OS,Alphabet
19-Sep-18,Senosis,Health monitoring, United States,0,Nest Labs,Devices,Alphabet
02-Oct-18,Onward,"Machine learning, natural language processing", United States,0,,Misc.,Alphabet
28-Nov-18,Workbench_,Education technology, United States,0,Google Classroom,Productivity,Alphabet
10-Dec-18,Sigmoid Labs,Indian railway tracking, India,40000000,,Misc.,Alphabet
03-Jan-19,Superpod,Question and answer app, United States,60000000,Google Assistant,Search,Alphabet
19-Feb-19,Alooma,"Big data, cloud migration", Israel,0,Google Cloud Platform,Productivity,Alphabet
31-Mar-19,Nightcorn,Video sharing, Germany,0,YouTube,Media,Alphabet
06-Jun-19,Looker,"Big data, analytics", United States,2600000000,Google Cloud Platform,Productivity,Alphabet
09-Jul-19,Elastifile,File storage, United States,0,Google Cloud Platform,Productivity,Alphabet
16-Oct-19,Socratic,Learning apps, United States,0,,Misc.,Alphabet
01-Nov-19,Fitbit,Wearables, United States,2100000000,,,Alphabet
18-Nov-19,CloudSimple,Cloud hosting, United States,0,Google Cloud Platform,Productivity,Alphabet
19-Dec-19,Typhoon Studios,Video game development, Canada,0,Stadia,Media,Alphabet
14-Jan-20,Pointy,Local retail inventory feeds, Ireland,163000000,Google Maps,Search,Alphabet
"April 12, 2011[136]",ITA Software,Travel technology, United States,676000000,Google Flights,Search,Alphabet